row_names,Domain,Phylum,Class,Order,Family,Genus,Species
ASV182,Eukaryota,Chordata,Actinopteri,Argentiniformes,Bathylagidae,Leuroglossus,Leuroglossus schmidti
ASV198,Eukaryota,Chordata,Actinopteri,Argentiniformes,Bathylagidae,Leuroglossus,Leuroglossus schmidti
ASV43,Eukaryota,Chordata,Actinopteri,Blenniiformes,Gobiesocidae,Gobiesox,Gobiesox maeandricus
ASV815,Eukaryota,Chordata,Actinopteri,Blenniiformes,Gobiesocidae,Gobiesox,Gobiesox maeandricus
ASV1128,Eukaryota,Chordata,Actinopteri,Blenniiformes,Gobiesocidae,Gobiesox,Gobiesox maeandricus
ASV1242,Eukaryota,Chordata,Actinopteri,Blenniiformes,Gobiesocidae,Gobiesox,Gobiesox maeandricus
ASV2,Eukaryota,Chordata,Actinopteri,Clupeiformes,Clupeidae,Clupea,Clupea pallasii
ASV9,Eukaryota,Chordata,Actinopteri,Clupeiformes,Clupeidae,Clupea,Clupea pallasii
ASV22,Eukaryota,Chordata,Actinopteri,Clupeiformes,Clupeidae,Clupea,Clupea pallasii
ASV50,Eukaryota,Chordata,Actinopteri,Clupeiformes,Clupeidae,Clupea,Clupea pallasii
ASV53,Eukaryota,Chordata,Actinopteri,Clupeiformes,Clupeidae,Clupea,Clupea pallasii
ASV57,Eukaryota,Chordata,Actinopteri,Clupeiformes,Clupeidae,Clupea,Clupea pallasii
ASV63,Eukaryota,Chordata,Actinopteri,Clupeiformes,Clupeidae,Clupea,Clupea pallasii
ASV76,Eukaryota,Chordata,Actinopteri,Clupeiformes,Clupeidae,Clupea,Clupea pallasii
ASV86,Eukaryota,Chordata,Actinopteri,Clupeiformes,Clupeidae,Clupea,Clupea pallasii
ASV89,Eukaryota,Chordata,Actinopteri,Clupeiformes,Clupeidae,Clupea,Clupea pallasii
ASV101,Eukaryota,Chordata,Actinopteri,Clupeiformes,Clupeidae,Clupea,Clupea pallasii
ASV104,Eukaryota,Chordata,Actinopteri,Clupeiformes,Clupeidae,Clupea,Clupea pallasii
ASV131,Eukaryota,Chordata,Actinopteri,Clupeiformes,Clupeidae,Clupea,Clupea pallasii
ASV141,Eukaryota,Chordata,Actinopteri,Clupeiformes,Clupeidae,Clupea,Clupea pallasii
ASV160,Eukaryota,Chordata,Actinopteri,Clupeiformes,Clupeidae,Clupea,Clupea pallasii
ASV162,Eukaryota,Chordata,Actinopteri,Clupeiformes,Clupeidae,Clupea,Clupea pallasii
ASV163,Eukaryota,Chordata,Actinopteri,Clupeiformes,Clupeidae,Clupea,Clupea pallasii
ASV167,Eukaryota,Chordata,Actinopteri,Clupeiformes,Clupeidae,Clupea,Clupea pallasii
ASV172,Eukaryota,Chordata,Actinopteri,Clupeiformes,Clupeidae,Clupea,Clupea pallasii
ASV176,Eukaryota,Chordata,Actinopteri,Clupeiformes,Clupeidae,Clupea,Clupea pallasii
ASV178,Eukaryota,Chordata,Actinopteri,Clupeiformes,Clupeidae,Clupea,Clupea pallasii
ASV185,Eukaryota,Chordata,Actinopteri,Clupeiformes,Clupeidae,Clupea,Clupea pallasii
ASV196,Eukaryota,Chordata,Actinopteri,Clupeiformes,Clupeidae,Clupea,Clupea pallasii
ASV204,Eukaryota,Chordata,Actinopteri,Clupeiformes,Clupeidae,Clupea,Clupea pallasii
ASV209,Eukaryota,Chordata,Actinopteri,Clupeiformes,Clupeidae,Clupea,Clupea pallasii
ASV213,Eukaryota,Chordata,Actinopteri,Clupeiformes,Clupeidae,Clupea,Clupea pallasii
ASV215,Eukaryota,Chordata,Actinopteri,Clupeiformes,Clupeidae,Clupea,Clupea pallasii
ASV217,Eukaryota,Chordata,Actinopteri,Clupeiformes,Clupeidae,Clupea,Clupea pallasii
ASV226,Eukaryota,Chordata,Actinopteri,Clupeiformes,Clupeidae,Clupea,Clupea pallasii
ASV229,Eukaryota,Chordata,Actinopteri,Clupeiformes,Clupeidae,Clupea,Clupea pallasii
ASV234,Eukaryota,Chordata,Actinopteri,Clupeiformes,Clupeidae,Clupea,Clupea pallasii
ASV236,Eukaryota,Chordata,Actinopteri,Clupeiformes,Clupeidae,Clupea,Clupea pallasii
ASV237,Eukaryota,Chordata,Actinopteri,Clupeiformes,Clupeidae,Clupea,Clupea pallasii
ASV244,Eukaryota,Chordata,Actinopteri,Clupeiformes,Clupeidae,Clupea,Clupea pallasii
ASV250,Eukaryota,Chordata,Actinopteri,Clupeiformes,Clupeidae,Clupea,Clupea pallasii
ASV258,Eukaryota,Chordata,Actinopteri,Clupeiformes,Clupeidae,Clupea,Clupea pallasii
ASV268,Eukaryota,Chordata,Actinopteri,Clupeiformes,Clupeidae,Clupea,Clupea pallasii
ASV270,Eukaryota,Chordata,Actinopteri,Clupeiformes,Clupeidae,Clupea,Clupea pallasii
ASV271,Eukaryota,Chordata,Actinopteri,Clupeiformes,Clupeidae,Clupea,Clupea pallasii
ASV272,Eukaryota,Chordata,Actinopteri,Clupeiformes,Clupeidae,Clupea,Clupea pallasii
ASV273,Eukaryota,Chordata,Actinopteri,Clupeiformes,Clupeidae,Clupea,Clupea pallasii
ASV275,Eukaryota,Chordata,Actinopteri,Clupeiformes,Clupeidae,Clupea,Clupea pallasii
ASV278,Eukaryota,Chordata,Actinopteri,Clupeiformes,Clupeidae,Clupea,Clupea pallasii
ASV280,Eukaryota,Chordata,Actinopteri,Clupeiformes,Clupeidae,Clupea,Clupea pallasii
ASV281,Eukaryota,Chordata,Actinopteri,Clupeiformes,Clupeidae,Clupea,Clupea pallasii
ASV286,Eukaryota,Chordata,Actinopteri,Clupeiformes,Clupeidae,Clupea,Clupea pallasii
ASV288,Eukaryota,Chordata,Actinopteri,Clupeiformes,Clupeidae,Clupea,Clupea pallasii
ASV296,Eukaryota,Chordata,Actinopteri,Clupeiformes,Clupeidae,Clupea,Clupea pallasii
ASV300,Eukaryota,Chordata,Actinopteri,Clupeiformes,Clupeidae,Clupea,Clupea pallasii
ASV303,Eukaryota,Chordata,Actinopteri,Clupeiformes,Clupeidae,Clupea,Clupea pallasii
ASV306,Eukaryota,Chordata,Actinopteri,Clupeiformes,Clupeidae,Clupea,Clupea pallasii
ASV307,Eukaryota,Chordata,Actinopteri,Clupeiformes,Clupeidae,Clupea,Clupea pallasii
ASV309,Eukaryota,Chordata,Actinopteri,Clupeiformes,Clupeidae,Clupea,Clupea pallasii
ASV313,Eukaryota,Chordata,Actinopteri,Clupeiformes,Clupeidae,Clupea,Clupea pallasii
ASV322,Eukaryota,Chordata,Actinopteri,Clupeiformes,Clupeidae,Clupea,Clupea pallasii
ASV327,Eukaryota,Chordata,Actinopteri,Clupeiformes,Clupeidae,Clupea,Clupea pallasii
ASV328,Eukaryota,Chordata,Actinopteri,Clupeiformes,Clupeidae,Clupea,Clupea pallasii
ASV346,Eukaryota,Chordata,Actinopteri,Clupeiformes,Clupeidae,Clupea,Clupea pallasii
ASV374,Eukaryota,Chordata,Actinopteri,Clupeiformes,Clupeidae,Clupea,Clupea pallasii
ASV409,Eukaryota,Chordata,Actinopteri,Clupeiformes,Clupeidae,Clupea,Clupea pallasii
ASV413,Eukaryota,Chordata,Actinopteri,Clupeiformes,Clupeidae,Clupea,Clupea pallasii
ASV415,Eukaryota,Chordata,Actinopteri,Clupeiformes,Clupeidae,Clupea,Clupea pallasii
ASV418,Eukaryota,Chordata,Actinopteri,Clupeiformes,Clupeidae,Clupea,Clupea pallasii
ASV423,Eukaryota,Chordata,Actinopteri,Clupeiformes,Clupeidae,Clupea,Clupea pallasii
ASV428,Eukaryota,Chordata,Actinopteri,Clupeiformes,Clupeidae,Clupea,Clupea pallasii
ASV442,Eukaryota,Chordata,Actinopteri,Clupeiformes,Clupeidae,Clupea,Clupea pallasii
ASV454,Eukaryota,Chordata,Actinopteri,Clupeiformes,Clupeidae,Clupea,Clupea pallasii
ASV458,Eukaryota,Chordata,Actinopteri,Clupeiformes,Clupeidae,Clupea,Clupea pallasii
ASV479,Eukaryota,Chordata,Actinopteri,Clupeiformes,Clupeidae,Clupea,Clupea pallasii
ASV482,Eukaryota,Chordata,Actinopteri,Clupeiformes,Clupeidae,Clupea,Clupea pallasii
ASV485,Eukaryota,Chordata,Actinopteri,Clupeiformes,Clupeidae,Clupea,Clupea pallasii
ASV497,Eukaryota,Chordata,Actinopteri,Clupeiformes,Clupeidae,Clupea,Clupea pallasii
ASV533,Eukaryota,Chordata,Actinopteri,Clupeiformes,Clupeidae,Clupea,Clupea pallasii
ASV536,Eukaryota,Chordata,Actinopteri,Clupeiformes,Clupeidae,Clupea,Clupea pallasii
ASV551,Eukaryota,Chordata,Actinopteri,Clupeiformes,Clupeidae,Clupea,Clupea pallasii
ASV558,Eukaryota,Chordata,Actinopteri,Clupeiformes,Clupeidae,Clupea,Clupea pallasii
ASV562,Eukaryota,Chordata,Actinopteri,Clupeiformes,Clupeidae,Clupea,Clupea pallasii
ASV569,Eukaryota,Chordata,Actinopteri,Clupeiformes,Clupeidae,Clupea,Clupea pallasii
ASV606,Eukaryota,Chordata,Actinopteri,Clupeiformes,Clupeidae,Clupea,Clupea pallasii
ASV621,Eukaryota,Chordata,Actinopteri,Clupeiformes,Clupeidae,Clupea,Clupea pallasii
ASV635,Eukaryota,Chordata,Actinopteri,Clupeiformes,Clupeidae,Clupea,Clupea pallasii
ASV642,Eukaryota,Chordata,Actinopteri,Clupeiformes,Clupeidae,Clupea,Clupea pallasii
ASV657,Eukaryota,Chordata,Actinopteri,Clupeiformes,Clupeidae,Clupea,Clupea pallasii
ASV664,Eukaryota,Chordata,Actinopteri,Clupeiformes,Clupeidae,Clupea,Clupea pallasii
ASV666,Eukaryota,Chordata,Actinopteri,Clupeiformes,Clupeidae,Clupea,Clupea pallasii
ASV677,Eukaryota,Chordata,Actinopteri,Clupeiformes,Clupeidae,Clupea,Clupea pallasii
ASV682,Eukaryota,Chordata,Actinopteri,Clupeiformes,Clupeidae,Clupea,Clupea pallasii
ASV684,Eukaryota,Chordata,Actinopteri,Clupeiformes,Clupeidae,Clupea,Clupea pallasii
ASV685,Eukaryota,Chordata,Actinopteri,Clupeiformes,Clupeidae,Clupea,Clupea pallasii
ASV703,Eukaryota,Chordata,Actinopteri,Clupeiformes,Clupeidae,Clupea,Clupea pallasii
ASV705,Eukaryota,Chordata,Actinopteri,Clupeiformes,Clupeidae,Clupea,Clupea pallasii
ASV707,Eukaryota,Chordata,Actinopteri,Clupeiformes,Clupeidae,Clupea,Clupea pallasii
ASV712,Eukaryota,Chordata,Actinopteri,Clupeiformes,Clupeidae,Clupea,Clupea pallasii
ASV721,Eukaryota,Chordata,Actinopteri,Clupeiformes,Clupeidae,Clupea,Clupea pallasii
ASV723,Eukaryota,Chordata,Actinopteri,Clupeiformes,Clupeidae,Clupea,Clupea pallasii
ASV732,Eukaryota,Chordata,Actinopteri,Clupeiformes,Clupeidae,Clupea,Clupea pallasii
ASV734,Eukaryota,Chordata,Actinopteri,Clupeiformes,Clupeidae,Clupea,Clupea pallasii
ASV738,Eukaryota,Chordata,Actinopteri,Clupeiformes,Clupeidae,Clupea,Clupea pallasii
ASV740,Eukaryota,Chordata,Actinopteri,Clupeiformes,Clupeidae,Clupea,Clupea pallasii
ASV741,Eukaryota,Chordata,Actinopteri,Clupeiformes,Clupeidae,Clupea,Clupea pallasii
ASV782,Eukaryota,Chordata,Actinopteri,Clupeiformes,Clupeidae,Clupea,Clupea pallasii
ASV800,Eukaryota,Chordata,Actinopteri,Clupeiformes,Clupeidae,Clupea,Clupea pallasii
ASV820,Eukaryota,Chordata,Actinopteri,Clupeiformes,Clupeidae,Clupea,Clupea pallasii
ASV824,Eukaryota,Chordata,Actinopteri,Clupeiformes,Clupeidae,Clupea,Clupea pallasii
ASV844,Eukaryota,Chordata,Actinopteri,Clupeiformes,Clupeidae,Clupea,Clupea pallasii
ASV848,Eukaryota,Chordata,Actinopteri,Clupeiformes,Clupeidae,Clupea,Clupea pallasii
ASV856,Eukaryota,Chordata,Actinopteri,Clupeiformes,Clupeidae,Clupea,Clupea pallasii
ASV875,Eukaryota,Chordata,Actinopteri,Clupeiformes,Clupeidae,Clupea,Clupea pallasii
ASV880,Eukaryota,Chordata,Actinopteri,Clupeiformes,Clupeidae,Clupea,Clupea pallasii
ASV891,Eukaryota,Chordata,Actinopteri,Clupeiformes,Clupeidae,Clupea,Clupea pallasii
ASV897,Eukaryota,Chordata,Actinopteri,Clupeiformes,Clupeidae,Clupea,Clupea pallasii
ASV919,Eukaryota,Chordata,Actinopteri,Clupeiformes,Clupeidae,Clupea,Clupea pallasii
ASV922,Eukaryota,Chordata,Actinopteri,Clupeiformes,Clupeidae,Clupea,Clupea pallasii
ASV933,Eukaryota,Chordata,Actinopteri,Clupeiformes,Clupeidae,Clupea,Clupea pallasii
ASV939,Eukaryota,Chordata,Actinopteri,Clupeiformes,Clupeidae,Clupea,Clupea pallasii
ASV942,Eukaryota,Chordata,Actinopteri,Clupeiformes,Clupeidae,Clupea,Clupea pallasii
ASV961,Eukaryota,Chordata,Actinopteri,Clupeiformes,Clupeidae,Clupea,Clupea pallasii
ASV980,Eukaryota,Chordata,Actinopteri,Clupeiformes,Clupeidae,Clupea,Clupea pallasii
ASV991,Eukaryota,Chordata,Actinopteri,Clupeiformes,Clupeidae,Clupea,Clupea pallasii
ASV1003,Eukaryota,Chordata,Actinopteri,Clupeiformes,Clupeidae,Clupea,Clupea pallasii
ASV1021,Eukaryota,Chordata,Actinopteri,Clupeiformes,Clupeidae,Clupea,Clupea pallasii
ASV1026,Eukaryota,Chordata,Actinopteri,Clupeiformes,Clupeidae,Clupea,Clupea pallasii
ASV1032,Eukaryota,Chordata,Actinopteri,Clupeiformes,Clupeidae,Clupea,Clupea pallasii
ASV1037,Eukaryota,Chordata,Actinopteri,Clupeiformes,Clupeidae,Clupea,Clupea pallasii
ASV1099,Eukaryota,Chordata,Actinopteri,Clupeiformes,Clupeidae,Clupea,Clupea pallasii
ASV1120,Eukaryota,Chordata,Actinopteri,Clupeiformes,Clupeidae,Clupea,Clupea pallasii
ASV1183,Eukaryota,Chordata,Actinopteri,Clupeiformes,Clupeidae,Clupea,Clupea pallasii
ASV1221,Eukaryota,Chordata,Actinopteri,Clupeiformes,Clupeidae,Clupea,Clupea pallasii
ASV1248,Eukaryota,Chordata,Actinopteri,Clupeiformes,Clupeidae,Clupea,Clupea pallasii
ASV1274,Eukaryota,Chordata,Actinopteri,Clupeiformes,Clupeidae,Clupea,Clupea pallasii
ASV1309,Eukaryota,Chordata,Actinopteri,Clupeiformes,Clupeidae,Clupea,Clupea pallasii
ASV1324,Eukaryota,Chordata,Actinopteri,Clupeiformes,Clupeidae,Clupea,Clupea pallasii
ASV1341,Eukaryota,Chordata,Actinopteri,Clupeiformes,Clupeidae,Clupea,Clupea pallasii
ASV1386,Eukaryota,Chordata,Actinopteri,Clupeiformes,Clupeidae,Clupea,Clupea pallasii
ASV1410,Eukaryota,Chordata,Actinopteri,Clupeiformes,Clupeidae,Clupea,Clupea pallasii
ASV1456,Eukaryota,Chordata,Actinopteri,Clupeiformes,Clupeidae,no identification,no identification
ASV1332,Eukaryota,Chordata,Actinopteri,Clupeiformes,Clupeidae,Opisthonema,no identification
ASV73,Eukaryota,Chordata,Actinopteri,Clupeiformes,Clupeidae,no identification,no identification
ASV431,Eukaryota,Chordata,Actinopteri,Clupeiformes,Clupeidae,no identification,no identification
ASV909,Eukaryota,Chordata,Actinopteri,Clupeiformes,Clupeidae,no identification,no identification
ASV36,Eukaryota,Chordata,Actinopteri,Clupeiformes,Engraulidae,Engraulis,Engraulis mordax
ASV203,Eukaryota,Chordata,Actinopteri,Clupeiformes,Engraulidae,Engraulis,Engraulis mordax
ASV339,Eukaryota,Chordata,Actinopteri,Clupeiformes,Engraulidae,Engraulis,Engraulis mordax
ASV649,Eukaryota,Chordata,Actinopteri,Clupeiformes,Engraulidae,Engraulis,Engraulis mordax
ASV739,Eukaryota,Chordata,Actinopteri,Clupeiformes,Engraulidae,Engraulis,Engraulis mordax
ASV826,Eukaryota,Chordata,Actinopteri,Clupeiformes,Engraulidae,Engraulis,Engraulis mordax
ASV1117,Eukaryota,Chordata,Actinopteri,Clupeiformes,Engraulidae,Engraulis,Engraulis mordax
ASV1320,Eukaryota,Chordata,Actinopteri,Clupeiformes,Engraulidae,Engraulis,Engraulis mordax
ASV1363,Eukaryota,Chordata,Actinopteri,Clupeiformes,Engraulidae,Engraulis,Engraulis mordax
ASV1413,Eukaryota,Chordata,Actinopteri,Clupeiformes,Engraulidae,Engraulis,Engraulis mordax
ASV59,Eukaryota,Chordata,Actinopteri,Gadiformes,Gadidae,Gadus,Gadus chalcogrammus
ASV224,Eukaryota,Chordata,Actinopteri,Gadiformes,Gadidae,Gadus,Gadus chalcogrammus
ASV304,Eukaryota,Chordata,Actinopteri,Gadiformes,Gadidae,Gadus,Gadus chalcogrammus
ASV414,Eukaryota,Chordata,Actinopteri,Gadiformes,Gadidae,Gadus,Gadus chalcogrammus
ASV472,Eukaryota,Chordata,Actinopteri,Gadiformes,Gadidae,Gadus,Gadus chalcogrammus
ASV997,Eukaryota,Chordata,Actinopteri,Gadiformes,Gadidae,Gadus,Gadus chalcogrammus
ASV647,Eukaryota,Chordata,Actinopteri,Gadiformes,Gadidae,Gadus,Gadus macrocephalus
ASV71,Eukaryota,Chordata,Actinopteri,Gadiformes,Gadidae,Gadus,Gadus macrocephalus
ASV511,Eukaryota,Chordata,Actinopteri,Gadiformes,Gadidae,Gadus,Gadus macrocephalus
ASV924,Eukaryota,Chordata,Actinopteri,Gadiformes,Gadidae,Gadus,Gadus macrocephalus
ASV978,Eukaryota,Chordata,Actinopteri,Gadiformes,Gadidae,Gadus,Gadus macrocephalus
ASV1073,Eukaryota,Chordata,Actinopteri,Gadiformes,Gadidae,Gadus,Gadus macrocephalus
ASV44,Eukaryota,Chordata,Actinopteri,Gadiformes,Merlucciidae,Merluccius,Merluccius productus
ASV430,Eukaryota,Chordata,Actinopteri,Gadiformes,Merlucciidae,Merluccius,Merluccius productus
ASV582,Eukaryota,Chordata,Actinopteri,Gadiformes,Merlucciidae,Merluccius,Merluccius productus
ASV772,Eukaryota,Chordata,Actinopteri,Gadiformes,Merlucciidae,Merluccius,Merluccius productus
ASV910,Eukaryota,Chordata,Actinopteri,Gadiformes,Merlucciidae,Merluccius,Merluccius productus
ASV1409,Eukaryota,Chordata,Actinopteri,Gadiformes,Merlucciidae,Merluccius,Merluccius productus
ASV1499,Eukaryota,Chordata,Actinopteri,Gadiformes,Merlucciidae,Merluccius,Merluccius productus
ASV173,Eukaryota,Chordata,Actinopteri,Gobiiformes,Gobiidae,Lepidogobius,Lepidogobius lepidus
ASV174,Eukaryota,Chordata,Actinopteri,Gobiiformes,Gobiidae,Lepidogobius,Lepidogobius lepidus
ASV208,Eukaryota,Chordata,Actinopteri,Gobiiformes,Gobiidae,Lepidogobius,Lepidogobius lepidus
ASV326,Eukaryota,Chordata,Actinopteri,Gobiiformes,Gobiidae,Lepidogobius,Lepidogobius lepidus
ASV600,Eukaryota,Chordata,Actinopteri,Myctophiformes,Myctophidae,Diaphus,Diaphus theta
ASV181,Eukaryota,Chordata,Actinopteri,Perciformes,Agonidae,Agonopsis,Agonopsis vulsa
ASV264,Eukaryota,Chordata,Actinopteri,Perciformes,Agonidae,Anoplagonus,Anoplagonus inermis
ASV678,Eukaryota,Chordata,Actinopteri,Perciformes,Agonidae,Bathyagonus,Bathyagonus infraspinatus
ASV225,Eukaryota,Chordata,Actinopteri,Perciformes,Agonidae,Bathyagonus,Bathyagonus nigripinnis
ASV121,Eukaryota,Chordata,Actinopteri,Perciformes,Agonidae,Nautichthys,Nautichthys oculofasciatus
ASV877,Eukaryota,Chordata,Actinopteri,Perciformes,Agonidae,Odontopyxis,Odontopyxis trispinosa
ASV591,Eukaryota,Chordata,Actinopteri,Perciformes,Agonidae,Podothecus,Podothecus accipenserinus
ASV56,Eukaryota,Chordata,Actinopteri,Perciformes,Anarhichadidae,Anarrhichthys,Anarrhichthys ocellatus
ASV449,Eukaryota,Chordata,Actinopteri,Perciformes,Anoplopomatidae,Anoplopoma,Anoplopoma fimbria
ASV665,Eukaryota,Chordata,Actinopteri,Perciformes,Anoplopomatidae,Anoplopoma,Anoplopoma fimbria
ASV1016,Eukaryota,Chordata,Actinopteri,Perciformes,Anoplopomatidae,Anoplopoma,Anoplopoma fimbria
ASV1289,Eukaryota,Chordata,Actinopteri,Perciformes,Anoplopomatidae,Anoplopoma,Anoplopoma fimbria
ASV14,Eukaryota,Chordata,Actinopteri,Perciformes,Aulorhynchidae,Aulorhynchus,Aulorhynchus flavidus
ASV83,Eukaryota,Chordata,Actinopteri,Perciformes,Aulorhynchidae,Aulorhynchus,Aulorhynchus flavidus
ASV305,Eukaryota,Chordata,Actinopteri,Perciformes,Aulorhynchidae,Aulorhynchus,Aulorhynchus flavidus
ASV335,Eukaryota,Chordata,Actinopteri,Perciformes,Aulorhynchidae,Aulorhynchus,Aulorhynchus flavidus
ASV615,Eukaryota,Chordata,Actinopteri,Perciformes,Aulorhynchidae,Aulorhynchus,Aulorhynchus flavidus
ASV832,Eukaryota,Chordata,Actinopteri,Perciformes,Aulorhynchidae,Aulorhynchus,Aulorhynchus flavidus
ASV1147,Eukaryota,Chordata,Actinopteri,Perciformes,Aulorhynchidae,Aulorhynchus,Aulorhynchus flavidus
ASV49,Eukaryota,Chordata,Actinopteri,Perciformes,Bathymasteridae,Ronquilus,Ronquilus jordani
ASV61,Eukaryota,Chordata,Actinopteri,Perciformes,Cottidae,Artedius,Artedius fenestralis
ASV260,Eukaryota,Chordata,Actinopteri,Perciformes,Cottidae,Artedius,Artedius fenestralis
ASV319,Eukaryota,Chordata,Actinopteri,Perciformes,Cottidae,Artedius,Artedius fenestralis
ASV709,Eukaryota,Chordata,Actinopteri,Perciformes,Cottidae,Artedius,Artedius fenestralis
ASV1044,Eukaryota,Chordata,Actinopteri,Perciformes,Cottidae,Artedius,Artedius fenestralis
ASV1136,Eukaryota,Chordata,Actinopteri,Perciformes,Cottidae,Artedius,Artedius fenestralis
ASV1255,Eukaryota,Chordata,Actinopteri,Perciformes,Cottidae,Artedius,Artedius fenestralis
ASV18,Eukaryota,Chordata,Actinopteri,Perciformes,Cottidae,Artedius,Artedius harringtoni
ASV132,Eukaryota,Chordata,Actinopteri,Perciformes,Cottidae,Artedius,Artedius harringtoni
ASV214,Eukaryota,Chordata,Actinopteri,Perciformes,Cottidae,Artedius,Artedius harringtoni
ASV344,Eukaryota,Chordata,Actinopteri,Perciformes,Cottidae,Artedius,Artedius harringtoni
ASV493,Eukaryota,Chordata,Actinopteri,Perciformes,Cottidae,Artedius,Artedius harringtoni
ASV588,Eukaryota,Chordata,Actinopteri,Perciformes,Cottidae,Artedius,Artedius harringtoni
ASV722,Eukaryota,Chordata,Actinopteri,Perciformes,Cottidae,Artedius,Artedius harringtoni
ASV884,Eukaryota,Chordata,Actinopteri,Perciformes,Cottidae,Artedius,Artedius harringtoni
ASV1511,Eukaryota,Chordata,Actinopteri,Perciformes,Cottidae,Artedius,Artedius harringtoni
ASV192,Eukaryota,Chordata,Actinopteri,Perciformes,Cottidae,Artedius,Artedius lateralis
ASV166,Eukaryota,Chordata,Actinopteri,Perciformes,Cottidae,Ascelichthys,Ascelichthys rhodorus
ASV157,Eukaryota,Chordata,Actinopteri,Perciformes,Cottidae,Chitonotus,Chitonotus pugetensis
ASV416,Eukaryota,Chordata,Actinopteri,Perciformes,Cottidae,Clinocottus,Clinocottus acuticeps
ASV38,Eukaryota,Chordata,Actinopteri,Perciformes,Cottidae,Cottus,Cottus asper
ASV898,Eukaryota,Chordata,Actinopteri,Perciformes,Cottidae,Cottus,Cottus asper
ASV921,Eukaryota,Chordata,Actinopteri,Perciformes,Cottidae,Cottus,Cottus asper
ASV1361,Eukaryota,Chordata,Actinopteri,Perciformes,Cottidae,Cottus,Cottus asper
ASV219,Eukaryota,Chordata,Actinopteri,Perciformes,Cottidae,Cottus,no identification
ASV42,Eukaryota,Chordata,Actinopteri,Perciformes,Cottidae,Cottus,Cottus cognatus
ASV424,Eukaryota,Chordata,Actinopteri,Perciformes,Cottidae,Cottus,Cottus cognatus
ASV1279,Eukaryota,Chordata,Actinopteri,Perciformes,Cottidae,Cottus,Cottus cognatus
ASV446,Eukaryota,Chordata,Actinopteri,Perciformes,Cottidae,Cottus,no identification
ASV46,Eukaryota,Chordata,Actinopteri,Perciformes,Cottidae,Enophrys,Enophrys bison
ASV17,Eukaryota,Chordata,Actinopteri,Perciformes,Cottidae,Hemilepidotus,Hemilepidotus hemilepidotus
ASV605,Eukaryota,Chordata,Actinopteri,Perciformes,Cottidae,Hemilepidotus,Hemilepidotus hemilepidotus
ASV779,Eukaryota,Chordata,Actinopteri,Perciformes,Cottidae,Hemilepidotus,Hemilepidotus hemilepidotus
ASV953,Eukaryota,Chordata,Actinopteri,Perciformes,Cottidae,Hemilepidotus,Hemilepidotus hemilepidotus
ASV987,Eukaryota,Chordata,Actinopteri,Perciformes,Cottidae,Hemilepidotus,Hemilepidotus hemilepidotus
ASV1001,Eukaryota,Chordata,Actinopteri,Perciformes,Cottidae,Hemilepidotus,Hemilepidotus hemilepidotus
ASV1185,Eukaryota,Chordata,Actinopteri,Perciformes,Cottidae,Hemilepidotus,Hemilepidotus hemilepidotus
ASV70,Eukaryota,Chordata,Actinopteri,Perciformes,Cottidae,Icelinus,Icelinus borealis
ASV570,Eukaryota,Chordata,Actinopteri,Perciformes,Cottidae,Icelinus,Icelinus borealis
ASV117,Eukaryota,Chordata,Actinopteri,Perciformes,Cottidae,Icelinus,Icelinus burchami
ASV687,Eukaryota,Chordata,Actinopteri,Perciformes,Cottidae,Icelinus,Icelinus filamentosus
ASV81,Eukaryota,Chordata,Actinopteri,Perciformes,Cottidae,Leptocottus,Leptocottus armatus
ASV190,Eukaryota,Chordata,Actinopteri,Perciformes,Cottidae,Leptocottus,Leptocottus armatus
ASV218,Eukaryota,Chordata,Actinopteri,Perciformes,Cottidae,Leptocottus,Leptocottus armatus
ASV51,Eukaryota,Chordata,Actinopteri,Perciformes,Cottidae,Myoxocephalus,Myoxocephalus jaok
ASV1074,Eukaryota,Chordata,Actinopteri,Perciformes,Cottidae,Myoxocephalus,Myoxocephalus jaok
ASV1193,Eukaryota,Chordata,Actinopteri,Perciformes,Cottidae,Myoxocephalus,Myoxocephalus jaok
ASV577,Eukaryota,Chordata,Actinopteri,Perciformes,Cottidae,Myoxocephalus,no identification
ASV400,Eukaryota,Chordata,Actinopteri,Perciformes,Cottidae,no identification,no identification
ASV30,Eukaryota,Chordata,Actinopteri,Perciformes,Cottidae,Oligocottus,Oligocottus maculosus
ASV142,Eukaryota,Chordata,Actinopteri,Perciformes,Cottidae,Oligocottus,Oligocottus maculosus
ASV184,Eukaryota,Chordata,Actinopteri,Perciformes,Cottidae,Oligocottus,Oligocottus maculosus
ASV396,Eukaryota,Chordata,Actinopteri,Perciformes,Cottidae,Oligocottus,Oligocottus maculosus
ASV480,Eukaryota,Chordata,Actinopteri,Perciformes,Cottidae,Oligocottus,Oligocottus maculosus
ASV619,Eukaryota,Chordata,Actinopteri,Perciformes,Cottidae,Oligocottus,Oligocottus maculosus
ASV694,Eukaryota,Chordata,Actinopteri,Perciformes,Cottidae,Oligocottus,Oligocottus maculosus
ASV37,Eukaryota,Chordata,Actinopteri,Perciformes,Cottidae,Scorpaenichthys,Scorpaenichthys marmoratus
ASV849,Eukaryota,Chordata,Actinopteri,Perciformes,Cottidae,Triglops,Triglops pingelii
ASV578,Eukaryota,Chordata,Actinopteri,Perciformes,Cryptacanthodidae,Cryptacanthodes,Cryptacanthodes giganteus
ASV1031,Eukaryota,Chordata,Actinopteri,Perciformes,Cryptacanthodidae,Cryptacanthodes,Cryptacanthodes giganteus
ASV35,Eukaryota,Chordata,Actinopteri,Perciformes,Gasterosteidae,Gasterosteus,Gasterosteus aculeatus
ASV72,Eukaryota,Chordata,Actinopteri,Perciformes,Gasterosteidae,Gasterosteus,Gasterosteus aculeatus
ASV161,Eukaryota,Chordata,Actinopteri,Perciformes,Gasterosteidae,Gasterosteus,Gasterosteus aculeatus
ASV201,Eukaryota,Chordata,Actinopteri,Perciformes,Gasterosteidae,Gasterosteus,Gasterosteus aculeatus
ASV241,Eukaryota,Chordata,Actinopteri,Perciformes,Gasterosteidae,Gasterosteus,Gasterosteus aculeatus
ASV380,Eukaryota,Chordata,Actinopteri,Perciformes,Gasterosteidae,Gasterosteus,Gasterosteus aculeatus
ASV398,Eukaryota,Chordata,Actinopteri,Perciformes,Gasterosteidae,Gasterosteus,Gasterosteus aculeatus
ASV438,Eukaryota,Chordata,Actinopteri,Perciformes,Gasterosteidae,Gasterosteus,Gasterosteus aculeatus
ASV514,Eukaryota,Chordata,Actinopteri,Perciformes,Gasterosteidae,Gasterosteus,Gasterosteus aculeatus
ASV669,Eukaryota,Chordata,Actinopteri,Perciformes,Gasterosteidae,Gasterosteus,Gasterosteus aculeatus
ASV691,Eukaryota,Chordata,Actinopteri,Perciformes,Gasterosteidae,Gasterosteus,Gasterosteus aculeatus
ASV717,Eukaryota,Chordata,Actinopteri,Perciformes,Gasterosteidae,Gasterosteus,Gasterosteus aculeatus
ASV798,Eukaryota,Chordata,Actinopteri,Perciformes,Gasterosteidae,Gasterosteus,Gasterosteus aculeatus
ASV818,Eukaryota,Chordata,Actinopteri,Perciformes,Gasterosteidae,Gasterosteus,Gasterosteus aculeatus
ASV979,Eukaryota,Chordata,Actinopteri,Perciformes,Gasterosteidae,Gasterosteus,Gasterosteus aculeatus
ASV1023,Eukaryota,Chordata,Actinopteri,Perciformes,Gasterosteidae,Gasterosteus,Gasterosteus aculeatus
ASV1391,Eukaryota,Chordata,Actinopteri,Perciformes,Gasterosteidae,Gasterosteus,Gasterosteus aculeatus
ASV329,Eukaryota,Chordata,Actinopteri,Perciformes,Gasterosteidae,Gasterosteus,Gasterosteus aculeatus
ASV714,Eukaryota,Chordata,Actinopteri,Perciformes,Gasterosteidae,Gasterosteus,Gasterosteus aculeatus
ASV98,Eukaryota,Chordata,Actinopteri,Perciformes,Hexagrammidae,Hexagrammos,Hexagrammos agrammus
ASV15,Eukaryota,Chordata,Actinopteri,Perciformes,Hexagrammidae,Hexagrammos,Hexagrammos decagrammus
ASV169,Eukaryota,Chordata,Actinopteri,Perciformes,Hexagrammidae,Hexagrammos,Hexagrammos decagrammus
ASV187,Eukaryota,Chordata,Actinopteri,Perciformes,Hexagrammidae,Hexagrammos,Hexagrammos decagrammus
ASV223,Eukaryota,Chordata,Actinopteri,Perciformes,Hexagrammidae,Hexagrammos,Hexagrammos decagrammus
ASV361,Eukaryota,Chordata,Actinopteri,Perciformes,Hexagrammidae,Hexagrammos,Hexagrammos decagrammus
ASV599,Eukaryota,Chordata,Actinopteri,Perciformes,Hexagrammidae,Hexagrammos,Hexagrammos decagrammus
ASV786,Eukaryota,Chordata,Actinopteri,Perciformes,Hexagrammidae,Hexagrammos,Hexagrammos decagrammus
ASV941,Eukaryota,Chordata,Actinopteri,Perciformes,Hexagrammidae,Hexagrammos,Hexagrammos decagrammus
ASV962,Eukaryota,Chordata,Actinopteri,Perciformes,Hexagrammidae,Hexagrammos,Hexagrammos decagrammus
ASV975,Eukaryota,Chordata,Actinopteri,Perciformes,Hexagrammidae,Hexagrammos,Hexagrammos decagrammus
ASV1202,Eukaryota,Chordata,Actinopteri,Perciformes,Hexagrammidae,Hexagrammos,Hexagrammos decagrammus
ASV1407,Eukaryota,Chordata,Actinopteri,Perciformes,Hexagrammidae,Hexagrammos,Hexagrammos decagrammus
ASV1421,Eukaryota,Chordata,Actinopteri,Perciformes,Hexagrammidae,Hexagrammos,Hexagrammos decagrammus
ASV13,Eukaryota,Chordata,Actinopteri,Perciformes,Hexagrammidae,Ophiodon,Ophiodon elongatus
ASV243,Eukaryota,Chordata,Actinopteri,Perciformes,Hexagrammidae,Ophiodon,Ophiodon elongatus
ASV411,Eukaryota,Chordata,Actinopteri,Perciformes,Hexagrammidae,Ophiodon,Ophiodon elongatus
ASV630,Eukaryota,Chordata,Actinopteri,Perciformes,Hexagrammidae,Ophiodon,Ophiodon elongatus
ASV640,Eukaryota,Chordata,Actinopteri,Perciformes,Hexagrammidae,Ophiodon,Ophiodon elongatus
ASV655,Eukaryota,Chordata,Actinopteri,Perciformes,Hexagrammidae,Ophiodon,Ophiodon elongatus
ASV730,Eukaryota,Chordata,Actinopteri,Perciformes,Hexagrammidae,Ophiodon,Ophiodon elongatus
ASV854,Eukaryota,Chordata,Actinopteri,Perciformes,Hexagrammidae,Ophiodon,Ophiodon elongatus
ASV935,Eukaryota,Chordata,Actinopteri,Perciformes,Hexagrammidae,Ophiodon,Ophiodon elongatus
ASV996,Eukaryota,Chordata,Actinopteri,Perciformes,Hexagrammidae,Ophiodon,Ophiodon elongatus
ASV1042,Eukaryota,Chordata,Actinopteri,Perciformes,Hexagrammidae,Ophiodon,Ophiodon elongatus
ASV1066,Eukaryota,Chordata,Actinopteri,Perciformes,Hexagrammidae,Ophiodon,Ophiodon elongatus
ASV1102,Eukaryota,Chordata,Actinopteri,Perciformes,Hexagrammidae,Ophiodon,Ophiodon elongatus
ASV1166,Eukaryota,Chordata,Actinopteri,Perciformes,Hexagrammidae,Ophiodon,Ophiodon elongatus
ASV222,Eukaryota,Chordata,Actinopteri,Perciformes,Hexagrammidae,Oxylebius,Oxylebius pictus
ASV1246,Eukaryota,Chordata,Actinopteri,Perciformes,Hexagrammidae,Oxylebius,Oxylebius pictus
ASV52,Eukaryota,Chordata,Actinopteri,Perciformes,Jordaniidae,Jordania,Jordania zonope
ASV407,Eukaryota,Chordata,Actinopteri,Perciformes,Jordaniidae,Jordania,Jordania zonope
ASV1154,Eukaryota,Chordata,Actinopteri,Perciformes,Jordaniidae,Jordania,Jordania zonope
ASV77,Eukaryota,Chordata,Actinopteri,Perciformes,Liparidae,Liparis,Liparis florae
ASV359,Eukaryota,Chordata,Actinopteri,Perciformes,Liparidae,Liparis,Liparis florae
ASV1113,Eukaryota,Chordata,Actinopteri,Perciformes,Liparidae,Liparis,Liparis florae
ASV316,Eukaryota,Chordata,Actinopteri,Perciformes,Liparidae,Liparis,Liparis fucensis
ASV332,Eukaryota,Chordata,Actinopteri,Perciformes,Liparidae,Liparis,Liparis fucensis
ASV371,Eukaryota,Chordata,Actinopteri,Perciformes,Liparidae,Liparis,Liparis fucensis
ASV1338,Eukaryota,Chordata,Actinopteri,Perciformes,Liparidae,Liparis,Liparis fucensis
ASV771,Eukaryota,Chordata,Actinopteri,Perciformes,Liparidae,Liparis,Liparis mucosus
ASV45,Eukaryota,Chordata,Actinopteri,Perciformes,Liparidae,Liparis,no identification
ASV186,Eukaryota,Chordata,Actinopteri,Perciformes,Liparidae,Liparis,no identification
ASV254,Eukaryota,Chordata,Actinopteri,Perciformes,Liparidae,Polypera,Polypera greeni
ASV67,Eukaryota,Chordata,Actinopteri,Perciformes,Pholidae,Apodichthys,Apodichthys flavidus
ASV926,Eukaryota,Chordata,Actinopteri,Perciformes,Pholidae,Apodichthys,Apodichthys flavidus
ASV1437,Eukaryota,Chordata,Actinopteri,Perciformes,Pholidae,Pholis,no identification
ASV156,Eukaryota,Chordata,Actinopteri,Perciformes,Pholidae,Pholis,Pholis crassispina
ASV144,Eukaryota,Chordata,Actinopteri,Perciformes,Pholidae,Pholis,Pholis gunnellus
ASV16,Eukaryota,Chordata,Actinopteri,Perciformes,Pholidae,Pholis,Pholis laeta
ASV34,Eukaryota,Chordata,Actinopteri,Perciformes,Pholidae,Pholis,Pholis laeta
ASV183,Eukaryota,Chordata,Actinopteri,Perciformes,Pholidae,Pholis,Pholis laeta
ASV347,Eukaryota,Chordata,Actinopteri,Perciformes,Pholidae,Pholis,Pholis laeta
ASV565,Eukaryota,Chordata,Actinopteri,Perciformes,Pholidae,Pholis,Pholis laeta
ASV731,Eukaryota,Chordata,Actinopteri,Perciformes,Pholidae,Pholis,Pholis laeta
ASV791,Eukaryota,Chordata,Actinopteri,Perciformes,Pholidae,Pholis,Pholis laeta
ASV1041,Eukaryota,Chordata,Actinopteri,Perciformes,Pholidae,Pholis,Pholis laeta
ASV91,Eukaryota,Chordata,Actinopteri,Perciformes,Pholidae,Pholis,Pholis ornata
ASV943,Eukaryota,Chordata,Actinopteri,Perciformes,Pholidae,Pholis,Pholis ornata
ASV1100,Eukaryota,Chordata,Actinopteri,Perciformes,Psychrolutidae,Psychrolutes,Psychrolutes paradoxus
ASV115,Eukaryota,Chordata,Actinopteri,Perciformes,Rhamphocottidae,Rhamphocottus,Rhamphocottus richardsonii
ASV523,Eukaryota,Chordata,Actinopteri,Perciformes,Rhamphocottidae,Rhamphocottus,Rhamphocottus richardsonii
ASV1165,Eukaryota,Chordata,Actinopteri,Perciformes,Rhamphocottidae,Rhamphocottus,Rhamphocottus richardsonii
ASV25,Eukaryota,Chordata,Actinopteri,Perciformes,Sebastidae,Sebastes,no identification
ASV180,Eukaryota,Chordata,Actinopteri,Perciformes,Sebastidae,Sebastes,no identification
ASV351,Eukaryota,Chordata,Actinopteri,Perciformes,Sebastidae,Sebastes,no identification
ASV486,Eukaryota,Chordata,Actinopteri,Perciformes,Sebastidae,Sebastes,no identification
ASV498,Eukaryota,Chordata,Actinopteri,Perciformes,Sebastidae,Sebastes,no identification
ASV564,Eukaryota,Chordata,Actinopteri,Perciformes,Sebastidae,Sebastes,no identification
ASV581,Eukaryota,Chordata,Actinopteri,Perciformes,Sebastidae,Sebastes,no identification
ASV937,Eukaryota,Chordata,Actinopteri,Perciformes,Sebastidae,Sebastes,no identification
ASV1018,Eukaryota,Chordata,Actinopteri,Perciformes,Sebastidae,Sebastes,no identification
ASV1050,Eukaryota,Chordata,Actinopteri,Perciformes,Sebastidae,Sebastes,no identification
ASV1412,Eukaryota,Chordata,Actinopteri,Perciformes,Sebastidae,Sebastes,no identification
ASV8,Eukaryota,Chordata,Actinopteri,Perciformes,Sebastidae,Sebastes,no identification
ASV245,Eukaryota,Chordata,Actinopteri,Perciformes,Sebastidae,Sebastes,no identification
ASV340,Eukaryota,Chordata,Actinopteri,Perciformes,Sebastidae,Sebastes,no identification
ASV499,Eukaryota,Chordata,Actinopteri,Perciformes,Sebastidae,Sebastes,no identification
ASV501,Eukaryota,Chordata,Actinopteri,Perciformes,Sebastidae,Sebastes,no identification
ASV595,Eukaryota,Chordata,Actinopteri,Perciformes,Sebastidae,Sebastes,no identification
ASV627,Eukaryota,Chordata,Actinopteri,Perciformes,Sebastidae,Sebastes,no identification
ASV788,Eukaryota,Chordata,Actinopteri,Perciformes,Sebastidae,Sebastes,no identification
ASV859,Eukaryota,Chordata,Actinopteri,Perciformes,Sebastidae,Sebastes,no identification
ASV951,Eukaryota,Chordata,Actinopteri,Perciformes,Sebastidae,Sebastes,no identification
ASV952,Eukaryota,Chordata,Actinopteri,Perciformes,Sebastidae,Sebastes,no identification
ASV1114,Eukaryota,Chordata,Actinopteri,Perciformes,Sebastidae,Sebastes,no identification
ASV1257,Eukaryota,Chordata,Actinopteri,Perciformes,Sebastidae,Sebastes,no identification
ASV85,Eukaryota,Chordata,Actinopteri,Perciformes,Sebastidae,Sebastes,no identification
ASV561,Eukaryota,Chordata,Actinopteri,Perciformes,Sebastidae,Sebastes,no identification
ASV840,Eukaryota,Chordata,Actinopteri,Perciformes,Sebastidae,Sebastes,no identification
ASV96,Eukaryota,Chordata,Actinopteri,Perciformes,Sebastidae,Sebastes,no identification
ASV1201,Eukaryota,Chordata,Actinopteri,Perciformes,Sebastidae,Sebastes,no identification
ASV221,Eukaryota,Chordata,Actinopteri,Perciformes,Sebastidae,Sebastes,no identification
ASV552,Eukaryota,Chordata,Actinopteri,Perciformes,Sebastidae,Sebastes,no identification
ASV308,Eukaryota,Chordata,Actinopteri,Perciformes,Sebastidae,Sebastolobus,Sebastolobus macrochir
ASV23,Eukaryota,Chordata,Actinopteri,Perciformes,Stichaeidae,Anoplarchus,Anoplarchus purpurescens
ASV177,Eukaryota,Chordata,Actinopteri,Perciformes,Stichaeidae,Anoplarchus,Anoplarchus purpurescens
ASV358,Eukaryota,Chordata,Actinopteri,Perciformes,Stichaeidae,Anoplarchus,Anoplarchus purpurescens
ASV425,Eukaryota,Chordata,Actinopteri,Perciformes,Stichaeidae,Anoplarchus,Anoplarchus purpurescens
ASV556,Eukaryota,Chordata,Actinopteri,Perciformes,Stichaeidae,Anoplarchus,Anoplarchus purpurescens
ASV676,Eukaryota,Chordata,Actinopteri,Perciformes,Stichaeidae,Anoplarchus,Anoplarchus purpurescens
ASV1131,Eukaryota,Chordata,Actinopteri,Perciformes,Stichaeidae,Anoplarchus,Anoplarchus purpurescens
ASV1133,Eukaryota,Chordata,Actinopteri,Perciformes,Stichaeidae,Anoplarchus,Anoplarchus purpurescens
ASV1134,Eukaryota,Chordata,Actinopteri,Perciformes,Stichaeidae,Anoplarchus,Anoplarchus purpurescens
ASV1518,Eukaryota,Chordata,Actinopteri,Perciformes,Stichaeidae,Anoplarchus,Anoplarchus purpurescens
ASV65,Eukaryota,Chordata,Actinopteri,Perciformes,Stichaeidae,Bryozoichthys,Bryozoichthys lysimus
ASV596,Eukaryota,Chordata,Actinopteri,Perciformes,Stichaeidae,Bryozoichthys,Bryozoichthys lysimus
ASV1312,Eukaryota,Chordata,Actinopteri,Perciformes,Stichaeidae,Bryozoichthys,Bryozoichthys lysimus
ASV1357,Eukaryota,Chordata,Actinopteri,Perciformes,Stichaeidae,Bryozoichthys,Bryozoichthys lysimus
ASV159,Eukaryota,Chordata,Actinopteri,Perciformes,Stichaeidae,Lumpenus,Lumpenus sagitta
ASV1205,Eukaryota,Chordata,Actinopteri,Perciformes,Stichaeidae,Phytichthys,Phytichthys chirus
ASV24,Eukaryota,Chordata,Actinopteri,Perciformes,Stichaeidae,Xiphister,Xiphister atropurpureus
ASV58,Eukaryota,Chordata,Actinopteri,Perciformes,Stichaeidae,Xiphister,Xiphister atropurpureus
ASV199,Eukaryota,Chordata,Actinopteri,Perciformes,Stichaeidae,Xiphister,Xiphister atropurpureus
ASV256,Eukaryota,Chordata,Actinopteri,Perciformes,Stichaeidae,Xiphister,Xiphister atropurpureus
ASV406,Eukaryota,Chordata,Actinopteri,Perciformes,Stichaeidae,Xiphister,Xiphister atropurpureus
ASV487,Eukaryota,Chordata,Actinopteri,Perciformes,Stichaeidae,Xiphister,Xiphister atropurpureus
ASV947,Eukaryota,Chordata,Actinopteri,Perciformes,Stichaeidae,Xiphister,Xiphister atropurpureus
ASV1178,Eukaryota,Chordata,Actinopteri,Perciformes,Stichaeidae,Xiphister,Xiphister atropurpureus
ASV385,Eukaryota,Chordata,Actinopteri,Perciformes,Zoarcidae,Lycodopsis,Lycodopsis pacificus
ASV488,Eukaryota,Chordata,Actinopteri,Perciformes,Zoarcidae,Lycodopsis,Lycodopsis pacificus
ASV133,Eukaryota,Chordata,Actinopteri,Pleuronectiformes,Cyclopsettidae,Citharichthys,Citharichthys sordidus
ASV66,Eukaryota,Chordata,Actinopteri,Pleuronectiformes,Cyclopsettidae,Citharichthys,Citharichthys stigmaeus
ASV94,Eukaryota,Chordata,Actinopteri,Pleuronectiformes,Cyclopsettidae,Citharichthys,Citharichthys stigmaeus
ASV285,Eukaryota,Chordata,Actinopteri,Pleuronectiformes,Cyclopsettidae,Citharichthys,Citharichthys stigmaeus
ASV554,Eukaryota,Chordata,Actinopteri,Pleuronectiformes,Cyclopsettidae,Citharichthys,Citharichthys stigmaeus
ASV1438,Eukaryota,Chordata,Actinopteri,Pleuronectiformes,Cyclopsettidae,Citharichthys,Citharichthys stigmaeus
ASV1177,Eukaryota,Chordata,Actinopteri,Pleuronectiformes,Cyclopsettidae,Citharichthys,no identification
ASV1366,Eukaryota,Chordata,Actinopteri,Pleuronectiformes,Cyclopsettidae,Citharichthys,no identification
ASV809,Eukaryota,Chordata,Actinopteri,Pleuronectiformes,Pleuronectidae,Glyptocephalus,Glyptocephalus zachirus
ASV622,Eukaryota,Chordata,Actinopteri,Pleuronectiformes,Pleuronectidae,Hippoglossoides,Hippoglossoides platessoides
ASV29,Eukaryota,Chordata,Actinopteri,Pleuronectiformes,Pleuronectidae,Isopsetta,Isopsetta isolepis
ASV233,Eukaryota,Chordata,Actinopteri,Pleuronectiformes,Pleuronectidae,Isopsetta,Isopsetta isolepis
ASV785,Eukaryota,Chordata,Actinopteri,Pleuronectiformes,Pleuronectidae,Isopsetta,Isopsetta isolepis
ASV846,Eukaryota,Chordata,Actinopteri,Pleuronectiformes,Pleuronectidae,Isopsetta,Isopsetta isolepis
ASV31,Eukaryota,Chordata,Actinopteri,Pleuronectiformes,Pleuronectidae,Lepidopsetta,Lepidopsetta bilineata
ASV911,Eukaryota,Chordata,Actinopteri,Pleuronectiformes,Pleuronectidae,Lyopsetta,Lyopsetta exilis
ASV1252,Eukaryota,Chordata,Actinopteri,Pleuronectiformes,Pleuronectidae,Microstomus,Microstomus pacificus
ASV120,Eukaryota,Chordata,Actinopteri,Pleuronectiformes,Pleuronectidae,Platichthys,Platichthys stellatus
ASV792,Eukaryota,Chordata,Actinopteri,Pleuronectiformes,Pleuronectidae,Platichthys,Platichthys stellatus
ASV804,Eukaryota,Chordata,Actinopteri,Pleuronectiformes,Pleuronectidae,Platichthys,Platichthys stellatus
ASV1078,Eukaryota,Chordata,Actinopteri,Pleuronectiformes,Pleuronectidae,Platichthys,Platichthys stellatus
ASV1156,Eukaryota,Chordata,Actinopteri,Pleuronectiformes,Pleuronectidae,Platichthys,Platichthys stellatus
ASV40,Eukaryota,Chordata,Actinopteri,Pleuronectiformes,Pleuronectidae,Pleuronichthys,Pleuronichthys coenosus
ASV412,Eukaryota,Chordata,Actinopteri,Pleuronectiformes,Pleuronectidae,Pleuronichthys,Pleuronichthys coenosus
ASV1146,Eukaryota,Chordata,Actinopteri,Pleuronectiformes,Pleuronectidae,Pleuronichthys,Pleuronichthys coenosus
ASV1345,Eukaryota,Chordata,Actinopteri,Pleuronectiformes,Pleuronectidae,Pleuronichthys,Pleuronichthys coenosus
ASV82,Eukaryota,Chordata,Actinopteri,Salmoniformes,Salmonidae,Oncorhynchus,Oncorhynchus clarkii lewisi
ASV1296,Eukaryota,Chordata,Actinopteri,Salmoniformes,Salmonidae,Oncorhynchus,Oncorhynchus clarkii lewisi
ASV3,Eukaryota,Chordata,Actinopteri,Salmoniformes,Salmonidae,Oncorhynchus,Oncorhynchus gorbuscha
ASV62,Eukaryota,Chordata,Actinopteri,Salmoniformes,Salmonidae,Oncorhynchus,Oncorhynchus gorbuscha
ASV97,Eukaryota,Chordata,Actinopteri,Salmoniformes,Salmonidae,Oncorhynchus,Oncorhynchus gorbuscha
ASV106,Eukaryota,Chordata,Actinopteri,Salmoniformes,Salmonidae,Oncorhynchus,Oncorhynchus gorbuscha
ASV152,Eukaryota,Chordata,Actinopteri,Salmoniformes,Salmonidae,Oncorhynchus,Oncorhynchus gorbuscha
ASV168,Eukaryota,Chordata,Actinopteri,Salmoniformes,Salmonidae,Oncorhynchus,Oncorhynchus gorbuscha
ASV227,Eukaryota,Chordata,Actinopteri,Salmoniformes,Salmonidae,Oncorhynchus,Oncorhynchus gorbuscha
ASV249,Eukaryota,Chordata,Actinopteri,Salmoniformes,Salmonidae,Oncorhynchus,Oncorhynchus gorbuscha
ASV253,Eukaryota,Chordata,Actinopteri,Salmoniformes,Salmonidae,Oncorhynchus,Oncorhynchus gorbuscha
ASV291,Eukaryota,Chordata,Actinopteri,Salmoniformes,Salmonidae,Oncorhynchus,Oncorhynchus gorbuscha
ASV377,Eukaryota,Chordata,Actinopteri,Salmoniformes,Salmonidae,Oncorhynchus,Oncorhynchus gorbuscha
ASV433,Eukaryota,Chordata,Actinopteri,Salmoniformes,Salmonidae,Oncorhynchus,Oncorhynchus gorbuscha
ASV441,Eukaryota,Chordata,Actinopteri,Salmoniformes,Salmonidae,Oncorhynchus,Oncorhynchus gorbuscha
ASV450,Eukaryota,Chordata,Actinopteri,Salmoniformes,Salmonidae,Oncorhynchus,Oncorhynchus gorbuscha
ASV452,Eukaryota,Chordata,Actinopteri,Salmoniformes,Salmonidae,Oncorhynchus,Oncorhynchus gorbuscha
ASV467,Eukaryota,Chordata,Actinopteri,Salmoniformes,Salmonidae,Oncorhynchus,Oncorhynchus gorbuscha
ASV483,Eukaryota,Chordata,Actinopteri,Salmoniformes,Salmonidae,Oncorhynchus,Oncorhynchus gorbuscha
ASV512,Eukaryota,Chordata,Actinopteri,Salmoniformes,Salmonidae,Oncorhynchus,Oncorhynchus gorbuscha
ASV553,Eukaryota,Chordata,Actinopteri,Salmoniformes,Salmonidae,Oncorhynchus,Oncorhynchus gorbuscha
ASV661,Eukaryota,Chordata,Actinopteri,Salmoniformes,Salmonidae,Oncorhynchus,Oncorhynchus gorbuscha
ASV675,Eukaryota,Chordata,Actinopteri,Salmoniformes,Salmonidae,Oncorhynchus,Oncorhynchus gorbuscha
ASV784,Eukaryota,Chordata,Actinopteri,Salmoniformes,Salmonidae,Oncorhynchus,Oncorhynchus gorbuscha
ASV808,Eukaryota,Chordata,Actinopteri,Salmoniformes,Salmonidae,Oncorhynchus,Oncorhynchus gorbuscha
ASV976,Eukaryota,Chordata,Actinopteri,Salmoniformes,Salmonidae,Oncorhynchus,Oncorhynchus gorbuscha
ASV994,Eukaryota,Chordata,Actinopteri,Salmoniformes,Salmonidae,Oncorhynchus,Oncorhynchus gorbuscha
ASV1005,Eukaryota,Chordata,Actinopteri,Salmoniformes,Salmonidae,Oncorhynchus,Oncorhynchus gorbuscha
ASV1035,Eukaryota,Chordata,Actinopteri,Salmoniformes,Salmonidae,Oncorhynchus,Oncorhynchus gorbuscha
ASV1151,Eukaryota,Chordata,Actinopteri,Salmoniformes,Salmonidae,Oncorhynchus,Oncorhynchus gorbuscha
ASV1174,Eukaryota,Chordata,Actinopteri,Salmoniformes,Salmonidae,Oncorhynchus,Oncorhynchus gorbuscha
ASV1188,Eukaryota,Chordata,Actinopteri,Salmoniformes,Salmonidae,Oncorhynchus,Oncorhynchus gorbuscha
ASV1229,Eukaryota,Chordata,Actinopteri,Salmoniformes,Salmonidae,Oncorhynchus,Oncorhynchus gorbuscha
ASV1234,Eukaryota,Chordata,Actinopteri,Salmoniformes,Salmonidae,Oncorhynchus,Oncorhynchus gorbuscha
ASV1436,Eukaryota,Chordata,Actinopteri,Salmoniformes,Salmonidae,Oncorhynchus,Oncorhynchus gorbuscha
ASV4,Eukaryota,Chordata,Actinopteri,Salmoniformes,Salmonidae,Oncorhynchus,Oncorhynchus keta
ASV54,Eukaryota,Chordata,Actinopteri,Salmoniformes,Salmonidae,Oncorhynchus,Oncorhynchus keta
ASV80,Eukaryota,Chordata,Actinopteri,Salmoniformes,Salmonidae,Oncorhynchus,Oncorhynchus keta
ASV146,Eukaryota,Chordata,Actinopteri,Salmoniformes,Salmonidae,Oncorhynchus,Oncorhynchus keta
ASV207,Eukaryota,Chordata,Actinopteri,Salmoniformes,Salmonidae,Oncorhynchus,Oncorhynchus keta
ASV212,Eukaryota,Chordata,Actinopteri,Salmoniformes,Salmonidae,Oncorhynchus,Oncorhynchus keta
ASV235,Eukaryota,Chordata,Actinopteri,Salmoniformes,Salmonidae,Oncorhynchus,Oncorhynchus keta
ASV242,Eukaryota,Chordata,Actinopteri,Salmoniformes,Salmonidae,Oncorhynchus,Oncorhynchus keta
ASV356,Eukaryota,Chordata,Actinopteri,Salmoniformes,Salmonidae,Oncorhynchus,Oncorhynchus keta
ASV369,Eukaryota,Chordata,Actinopteri,Salmoniformes,Salmonidae,Oncorhynchus,Oncorhynchus keta
ASV383,Eukaryota,Chordata,Actinopteri,Salmoniformes,Salmonidae,Oncorhynchus,Oncorhynchus keta
ASV474,Eukaryota,Chordata,Actinopteri,Salmoniformes,Salmonidae,Oncorhynchus,Oncorhynchus keta
ASV519,Eukaryota,Chordata,Actinopteri,Salmoniformes,Salmonidae,Oncorhynchus,Oncorhynchus keta
ASV522,Eukaryota,Chordata,Actinopteri,Salmoniformes,Salmonidae,Oncorhynchus,Oncorhynchus keta
ASV549,Eukaryota,Chordata,Actinopteri,Salmoniformes,Salmonidae,Oncorhynchus,Oncorhynchus keta
ASV620,Eukaryota,Chordata,Actinopteri,Salmoniformes,Salmonidae,Oncorhynchus,Oncorhynchus keta
ASV631,Eukaryota,Chordata,Actinopteri,Salmoniformes,Salmonidae,Oncorhynchus,Oncorhynchus keta
ASV644,Eukaryota,Chordata,Actinopteri,Salmoniformes,Salmonidae,Oncorhynchus,Oncorhynchus keta
ASV654,Eukaryota,Chordata,Actinopteri,Salmoniformes,Salmonidae,Oncorhynchus,Oncorhynchus keta
ASV686,Eukaryota,Chordata,Actinopteri,Salmoniformes,Salmonidae,Oncorhynchus,Oncorhynchus keta
ASV695,Eukaryota,Chordata,Actinopteri,Salmoniformes,Salmonidae,Oncorhynchus,Oncorhynchus keta
ASV708,Eukaryota,Chordata,Actinopteri,Salmoniformes,Salmonidae,Oncorhynchus,Oncorhynchus keta
ASV710,Eukaryota,Chordata,Actinopteri,Salmoniformes,Salmonidae,Oncorhynchus,Oncorhynchus keta
ASV814,Eukaryota,Chordata,Actinopteri,Salmoniformes,Salmonidae,Oncorhynchus,Oncorhynchus keta
ASV862,Eukaryota,Chordata,Actinopteri,Salmoniformes,Salmonidae,Oncorhynchus,Oncorhynchus keta
ASV872,Eukaryota,Chordata,Actinopteri,Salmoniformes,Salmonidae,Oncorhynchus,Oncorhynchus keta
ASV874,Eukaryota,Chordata,Actinopteri,Salmoniformes,Salmonidae,Oncorhynchus,Oncorhynchus keta
ASV888,Eukaryota,Chordata,Actinopteri,Salmoniformes,Salmonidae,Oncorhynchus,Oncorhynchus keta
ASV990,Eukaryota,Chordata,Actinopteri,Salmoniformes,Salmonidae,Oncorhynchus,Oncorhynchus keta
ASV1034,Eukaryota,Chordata,Actinopteri,Salmoniformes,Salmonidae,Oncorhynchus,Oncorhynchus keta
ASV1067,Eukaryota,Chordata,Actinopteri,Salmoniformes,Salmonidae,Oncorhynchus,Oncorhynchus keta
ASV1106,Eukaryota,Chordata,Actinopteri,Salmoniformes,Salmonidae,Oncorhynchus,Oncorhynchus keta
ASV1319,Eukaryota,Chordata,Actinopteri,Salmoniformes,Salmonidae,Oncorhynchus,Oncorhynchus keta
ASV26,Eukaryota,Chordata,Actinopteri,Salmoniformes,Salmonidae,Oncorhynchus,Oncorhynchus kisutch
ASV135,Eukaryota,Chordata,Actinopteri,Salmoniformes,Salmonidae,Oncorhynchus,Oncorhynchus kisutch
ASV392,Eukaryota,Chordata,Actinopteri,Salmoniformes,Salmonidae,Oncorhynchus,Oncorhynchus kisutch
ASV476,Eukaryota,Chordata,Actinopteri,Salmoniformes,Salmonidae,Oncorhynchus,Oncorhynchus kisutch
ASV484,Eukaryota,Chordata,Actinopteri,Salmoniformes,Salmonidae,Oncorhynchus,Oncorhynchus kisutch
ASV590,Eukaryota,Chordata,Actinopteri,Salmoniformes,Salmonidae,Oncorhynchus,Oncorhynchus kisutch
ASV604,Eukaryota,Chordata,Actinopteri,Salmoniformes,Salmonidae,Oncorhynchus,Oncorhynchus kisutch
ASV626,Eukaryota,Chordata,Actinopteri,Salmoniformes,Salmonidae,Oncorhynchus,Oncorhynchus kisutch
ASV700,Eukaryota,Chordata,Actinopteri,Salmoniformes,Salmonidae,Oncorhynchus,Oncorhynchus kisutch
ASV850,Eukaryota,Chordata,Actinopteri,Salmoniformes,Salmonidae,Oncorhynchus,Oncorhynchus kisutch
ASV970,Eukaryota,Chordata,Actinopteri,Salmoniformes,Salmonidae,Oncorhynchus,Oncorhynchus kisutch
ASV1019,Eukaryota,Chordata,Actinopteri,Salmoniformes,Salmonidae,Oncorhynchus,Oncorhynchus kisutch
ASV1397,Eukaryota,Chordata,Actinopteri,Salmoniformes,Salmonidae,Oncorhynchus,Oncorhynchus kisutch
ASV1422,Eukaryota,Chordata,Actinopteri,Salmoniformes,Salmonidae,Oncorhynchus,Oncorhynchus kisutch
ASV1445,Eukaryota,Chordata,Actinopteri,Salmoniformes,Salmonidae,Oncorhynchus,Oncorhynchus kisutch
ASV7,Eukaryota,Chordata,Actinopteri,Salmoniformes,Salmonidae,Oncorhynchus,Oncorhynchus mykiss
ASV5,Eukaryota,Chordata,Actinopteri,Salmoniformes,Salmonidae,Oncorhynchus,Oncorhynchus nerka
ASV6,Eukaryota,Chordata,Actinopteri,Salmoniformes,Salmonidae,Oncorhynchus,Oncorhynchus nerka
ASV463,Eukaryota,Chordata,Actinopteri,Salmoniformes,Salmonidae,Oncorhynchus,Oncorhynchus nerka
ASV504,Eukaryota,Chordata,Actinopteri,Salmoniformes,Salmonidae,Oncorhynchus,Oncorhynchus nerka
ASV509,Eukaryota,Chordata,Actinopteri,Salmoniformes,Salmonidae,Oncorhynchus,Oncorhynchus nerka
ASV515,Eukaryota,Chordata,Actinopteri,Salmoniformes,Salmonidae,Oncorhynchus,Oncorhynchus nerka
ASV670,Eukaryota,Chordata,Actinopteri,Salmoniformes,Salmonidae,Oncorhynchus,Oncorhynchus nerka
ASV855,Eukaryota,Chordata,Actinopteri,Salmoniformes,Salmonidae,Oncorhynchus,Oncorhynchus nerka
ASV946,Eukaryota,Chordata,Actinopteri,Salmoniformes,Salmonidae,Oncorhynchus,Oncorhynchus nerka
ASV963,Eukaryota,Chordata,Actinopteri,Salmoniformes,Salmonidae,Oncorhynchus,Oncorhynchus nerka
ASV1182,Eukaryota,Chordata,Actinopteri,Salmoniformes,Salmonidae,Oncorhynchus,Oncorhynchus nerka
ASV1318,Eukaryota,Chordata,Actinopteri,Salmoniformes,Salmonidae,Oncorhynchus,Oncorhynchus nerka
ASV27,Eukaryota,Chordata,Actinopteri,Salmoniformes,Salmonidae,Oncorhynchus,Oncorhynchus tshawytscha
ASV155,Eukaryota,Chordata,Actinopteri,Salmoniformes,Salmonidae,Oncorhynchus,Oncorhynchus tshawytscha
ASV193,Eukaryota,Chordata,Actinopteri,Salmoniformes,Salmonidae,Oncorhynchus,Oncorhynchus tshawytscha
ASV195,Eukaryota,Chordata,Actinopteri,Salmoniformes,Salmonidae,Oncorhynchus,Oncorhynchus tshawytscha
ASV239,Eukaryota,Chordata,Actinopteri,Salmoniformes,Salmonidae,Oncorhynchus,Oncorhynchus tshawytscha
ASV283,Eukaryota,Chordata,Actinopteri,Salmoniformes,Salmonidae,Oncorhynchus,Oncorhynchus tshawytscha
ASV780,Eukaryota,Chordata,Actinopteri,Salmoniformes,Salmonidae,Oncorhynchus,Oncorhynchus tshawytscha
ASV833,Eukaryota,Chordata,Actinopteri,Salmoniformes,Salmonidae,Oncorhynchus,Oncorhynchus tshawytscha
ASV837,Eukaryota,Chordata,Actinopteri,Salmoniformes,Salmonidae,Oncorhynchus,Oncorhynchus tshawytscha
ASV932,Eukaryota,Chordata,Actinopteri,Salmoniformes,Salmonidae,Oncorhynchus,Oncorhynchus tshawytscha
ASV1014,Eukaryota,Chordata,Actinopteri,Salmoniformes,Salmonidae,Oncorhynchus,Oncorhynchus tshawytscha
ASV1179,Eukaryota,Chordata,Actinopteri,Salmoniformes,Salmonidae,Oncorhynchus,Oncorhynchus tshawytscha
ASV1359,Eukaryota,Chordata,Actinopteri,Salmoniformes,Salmonidae,Oncorhynchus,Oncorhynchus tshawytscha
ASV1404,Eukaryota,Chordata,Actinopteri,Salmoniformes,Salmonidae,Oncorhynchus,Oncorhynchus tshawytscha
ASV1446,Eukaryota,Chordata,Actinopteri,Salmoniformes,Salmonidae,Oncorhynchus,Oncorhynchus tshawytscha
ASV1,Eukaryota,Chordata,Actinopteri,Salmoniformes,Salmonidae,Salmo,Salmo salar
ASV10,Eukaryota,Chordata,Actinopteri,Salmoniformes,Salmonidae,Salmo,Salmo salar
ASV11,Eukaryota,Chordata,Actinopteri,Salmoniformes,Salmonidae,Salmo,Salmo salar
ASV109,Eukaryota,Chordata,Actinopteri,Salmoniformes,Salmonidae,Salmo,Salmo salar
ASV330,Eukaryota,Chordata,Actinopteri,Salmoniformes,Salmonidae,Salmo,Salmo salar
ASV375,Eukaryota,Chordata,Actinopteri,Salmoniformes,Salmonidae,Salmo,Salmo salar
ASV395,Eukaryota,Chordata,Actinopteri,Salmoniformes,Salmonidae,Salmo,Salmo salar
ASV397,Eukaryota,Chordata,Actinopteri,Salmoniformes,Salmonidae,Salmo,Salmo salar
ASV451,Eukaryota,Chordata,Actinopteri,Salmoniformes,Salmonidae,Salmo,Salmo salar
ASV462,Eukaryota,Chordata,Actinopteri,Salmoniformes,Salmonidae,Salmo,Salmo salar
ASV477,Eukaryota,Chordata,Actinopteri,Salmoniformes,Salmonidae,Salmo,Salmo salar
ASV538,Eukaryota,Chordata,Actinopteri,Salmoniformes,Salmonidae,Salmo,Salmo salar
ASV598,Eukaryota,Chordata,Actinopteri,Salmoniformes,Salmonidae,Salmo,Salmo salar
ASV638,Eukaryota,Chordata,Actinopteri,Salmoniformes,Salmonidae,Salmo,Salmo salar
ASV667,Eukaryota,Chordata,Actinopteri,Salmoniformes,Salmonidae,Salmo,Salmo salar
ASV672,Eukaryota,Chordata,Actinopteri,Salmoniformes,Salmonidae,Salmo,Salmo salar
ASV673,Eukaryota,Chordata,Actinopteri,Salmoniformes,Salmonidae,Salmo,Salmo salar
ASV704,Eukaryota,Chordata,Actinopteri,Salmoniformes,Salmonidae,Salmo,Salmo salar
ASV729,Eukaryota,Chordata,Actinopteri,Salmoniformes,Salmonidae,Salmo,Salmo salar
ASV746,Eukaryota,Chordata,Actinopteri,Salmoniformes,Salmonidae,Salmo,Salmo salar
ASV752,Eukaryota,Chordata,Actinopteri,Salmoniformes,Salmonidae,Salmo,Salmo salar
ASV765,Eukaryota,Chordata,Actinopteri,Salmoniformes,Salmonidae,Salmo,Salmo salar
ASV834,Eukaryota,Chordata,Actinopteri,Salmoniformes,Salmonidae,Salmo,Salmo salar
ASV847,Eukaryota,Chordata,Actinopteri,Salmoniformes,Salmonidae,Salmo,Salmo salar
ASV861,Eukaryota,Chordata,Actinopteri,Salmoniformes,Salmonidae,Salmo,Salmo salar
ASV871,Eukaryota,Chordata,Actinopteri,Salmoniformes,Salmonidae,Salmo,Salmo salar
ASV913,Eukaryota,Chordata,Actinopteri,Salmoniformes,Salmonidae,Salmo,Salmo salar
ASV915,Eukaryota,Chordata,Actinopteri,Salmoniformes,Salmonidae,Salmo,Salmo salar
ASV930,Eukaryota,Chordata,Actinopteri,Salmoniformes,Salmonidae,Salmo,Salmo salar
ASV1009,Eukaryota,Chordata,Actinopteri,Salmoniformes,Salmonidae,Salmo,Salmo salar
ASV1020,Eukaryota,Chordata,Actinopteri,Salmoniformes,Salmonidae,Salmo,Salmo salar
ASV1104,Eukaryota,Chordata,Actinopteri,Salmoniformes,Salmonidae,Salmo,Salmo salar
ASV1149,Eukaryota,Chordata,Actinopteri,Salmoniformes,Salmonidae,Salmo,Salmo salar
ASV1190,Eukaryota,Chordata,Actinopteri,Salmoniformes,Salmonidae,Salmo,Salmo salar
ASV1253,Eukaryota,Chordata,Actinopteri,Salmoniformes,Salmonidae,Salmo,Salmo salar
ASV1388,Eukaryota,Chordata,Actinopteri,Salmoniformes,Salmonidae,Salmo,Salmo salar
ASV1447,Eukaryota,Chordata,Actinopteri,Salmoniformes,Salmonidae,Salmo,Salmo salar
ASV84,Eukaryota,Chordata,Actinopteri,Syngnathiformes,Syngnathidae,Syngnathus,Syngnathus leptorhynchus
ASV263,Eukaryota,Chordata,Actinopteri,Syngnathiformes,Syngnathidae,Syngnathus,Syngnathus leptorhynchus
ASV79,Eukaryota,Chordata,Actinopteri,unknown order,Embiotocidae,Brachyistius,Brachyistius frenatus
ASV20,Eukaryota,Chordata,Actinopteri,unknown order,Embiotocidae,Cymatogaster,Cymatogaster aggregata
ASV55,Eukaryota,Chordata,Actinopteri,unknown order,Embiotocidae,Cymatogaster,Cymatogaster aggregata
ASV123,Eukaryota,Chordata,Actinopteri,unknown order,Embiotocidae,Cymatogaster,Cymatogaster aggregata
ASV134,Eukaryota,Chordata,Actinopteri,unknown order,Embiotocidae,Cymatogaster,Cymatogaster aggregata
ASV179,Eukaryota,Chordata,Actinopteri,unknown order,Embiotocidae,Cymatogaster,Cymatogaster aggregata
ASV246,Eukaryota,Chordata,Actinopteri,unknown order,Embiotocidae,Cymatogaster,Cymatogaster aggregata
ASV294,Eukaryota,Chordata,Actinopteri,unknown order,Embiotocidae,Cymatogaster,Cymatogaster aggregata
ASV302,Eukaryota,Chordata,Actinopteri,unknown order,Embiotocidae,Cymatogaster,Cymatogaster aggregata
ASV405,Eukaryota,Chordata,Actinopteri,unknown order,Embiotocidae,Cymatogaster,Cymatogaster aggregata
ASV445,Eukaryota,Chordata,Actinopteri,unknown order,Embiotocidae,Cymatogaster,Cymatogaster aggregata
ASV468,Eukaryota,Chordata,Actinopteri,unknown order,Embiotocidae,Cymatogaster,Cymatogaster aggregata
ASV495,Eukaryota,Chordata,Actinopteri,unknown order,Embiotocidae,Cymatogaster,Cymatogaster aggregata
ASV531,Eukaryota,Chordata,Actinopteri,unknown order,Embiotocidae,Cymatogaster,Cymatogaster aggregata
ASV535,Eukaryota,Chordata,Actinopteri,unknown order,Embiotocidae,Cymatogaster,Cymatogaster aggregata
ASV618,Eukaryota,Chordata,Actinopteri,unknown order,Embiotocidae,Cymatogaster,Cymatogaster aggregata
ASV645,Eukaryota,Chordata,Actinopteri,unknown order,Embiotocidae,Cymatogaster,Cymatogaster aggregata
ASV706,Eukaryota,Chordata,Actinopteri,unknown order,Embiotocidae,Cymatogaster,Cymatogaster aggregata
ASV750,Eukaryota,Chordata,Actinopteri,unknown order,Embiotocidae,Cymatogaster,Cymatogaster aggregata
ASV892,Eukaryota,Chordata,Actinopteri,unknown order,Embiotocidae,Cymatogaster,Cymatogaster aggregata
ASV1017,Eukaryota,Chordata,Actinopteri,unknown order,Embiotocidae,Cymatogaster,Cymatogaster aggregata
ASV1093,Eukaryota,Chordata,Actinopteri,unknown order,Embiotocidae,Cymatogaster,Cymatogaster aggregata
ASV1356,Eukaryota,Chordata,Actinopteri,unknown order,Embiotocidae,Cymatogaster,Cymatogaster aggregata
ASV1507,Eukaryota,Chordata,Actinopteri,unknown order,Embiotocidae,Cymatogaster,Cymatogaster aggregata
ASV64,Eukaryota,Chordata,Actinopteri,unknown order,Embiotocidae,Embiotoca,Embiotoca lateralis
ASV118,Eukaryota,Chordata,Actinopteri,unknown order,Embiotocidae,Embiotoca,Embiotoca lateralis
ASV125,Eukaryota,Chordata,Actinopteri,unknown order,Embiotocidae,Rhacochilus,Rhacochilus vacca
ASV19,Eukaryota,Chordata,Actinopteri,Uranoscopiformes,Ammodytidae,Ammodytes,Ammodytes personatus
ASV165,Eukaryota,Chordata,Actinopteri,Uranoscopiformes,Ammodytidae,Ammodytes,Ammodytes personatus
ASV202,Eukaryota,Chordata,Actinopteri,Uranoscopiformes,Ammodytidae,Ammodytes,Ammodytes personatus
ASV276,Eukaryota,Chordata,Actinopteri,Uranoscopiformes,Ammodytidae,Ammodytes,Ammodytes personatus
ASV337,Eukaryota,Chordata,Actinopteri,Uranoscopiformes,Ammodytidae,Ammodytes,Ammodytes personatus
ASV388,Eukaryota,Chordata,Actinopteri,Uranoscopiformes,Ammodytidae,Ammodytes,Ammodytes personatus
ASV503,Eukaryota,Chordata,Actinopteri,Uranoscopiformes,Ammodytidae,Ammodytes,Ammodytes personatus
ASV601,Eukaryota,Chordata,Actinopteri,Uranoscopiformes,Ammodytidae,Ammodytes,Ammodytes personatus
ASV603,Eukaryota,Chordata,Actinopteri,Uranoscopiformes,Ammodytidae,Ammodytes,Ammodytes personatus
ASV679,Eukaryota,Chordata,Actinopteri,Uranoscopiformes,Ammodytidae,Ammodytes,Ammodytes personatus
ASV866,Eukaryota,Chordata,Actinopteri,Uranoscopiformes,Ammodytidae,Ammodytes,Ammodytes personatus
ASV883,Eukaryota,Chordata,Actinopteri,Uranoscopiformes,Ammodytidae,Ammodytes,Ammodytes personatus
ASV908,Eukaryota,Chordata,Actinopteri,Uranoscopiformes,Ammodytidae,Ammodytes,Ammodytes personatus
ASV918,Eukaryota,Chordata,Actinopteri,Uranoscopiformes,Ammodytidae,Ammodytes,Ammodytes personatus
ASV940,Eukaryota,Chordata,Actinopteri,Uranoscopiformes,Ammodytidae,Ammodytes,Ammodytes personatus
ASV967,Eukaryota,Chordata,Actinopteri,Uranoscopiformes,Ammodytidae,Ammodytes,Ammodytes personatus
ASV1153,Eukaryota,Chordata,Actinopteri,Uranoscopiformes,Ammodytidae,Ammodytes,Ammodytes personatus
ASV1385,Eukaryota,Chordata,Actinopteri,Uranoscopiformes,Ammodytidae,Ammodytes,Ammodytes personatus
ASV28,Eukaryota,Chordata,Chondrichthyes,Chimaeriformes,Chimaeridae,Hydrolagus,Hydrolagus colliei
ASV230,Eukaryota,Chordata,Chondrichthyes,Chimaeriformes,Chimaeridae,Hydrolagus,Hydrolagus colliei
ASV812,Eukaryota,Chordata,Chondrichthyes,Chimaeriformes,Chimaeridae,Hydrolagus,Hydrolagus colliei
ASV1085,Eukaryota,Chordata,Chondrichthyes,Chimaeriformes,Chimaeridae,Hydrolagus,Hydrolagus colliei
ASV1295,Eukaryota,Chordata,Chondrichthyes,Chimaeriformes,Chimaeridae,Hydrolagus,Hydrolagus colliei
ASV1303,Eukaryota,Chordata,Chondrichthyes,Chimaeriformes,Chimaeridae,Hydrolagus,Hydrolagus colliei
ASV1452,Eukaryota,Chordata,Chondrichthyes,Chimaeriformes,Chimaeridae,Hydrolagus,Hydrolagus colliei
ASV602,Eukaryota,Chordata,Hyperoartia,Petromyzontiformes,Petromyzontidae,Lampetra,Lampetra sp. CBM:ZF:17561